{
  "loss": 0.00033472603536210954,
  "val_loss": 0.00011059987446060404,
  "epoch": 139,
  "global_step": 8960
}